{"prevision_5_min": 123.13673400878906, "prevision_15_min": 123.22860717773438, "prevision_30_min": 123.33904266357422, "prevision_60_min": 123.08814239501953, "prevision_1440_min": 105.65888977050781, "prevision_43200_min": 119.81416320800781, "stop_loss": 97.09484283447266, "pull_back": 125.8097689819336, "risk_management_factor": 1.5, "recommended_investment_amount": 1000}